{"count":1,"self":6948.1201664,"total":38082.674682,"children":{"InitializeActuators":{"count":48,"self":0.002038,"total":0.002038,"children":null},"InitializeSensors":{"count":48,"self":0.00174,"total":0.00174,"children":null},"AgentSendState":{"count":2502735,"self":57.575283199999994,"total":358.91540299999997,"children":{"CollectObservations":{"count":24026304,"self":101.5735936,"total":101.57359199999999,"children":null},"WriteActionMask":{"count":24026304,"self":12.239548,"total":12.239548,"children":null},"RequestDecision":{"count":24026304,"self":40.0569152,"total":187.52697799999999,"children":{"AgentInfo.ToProto":{"count":24026304,"self":36.468534399999996,"total":147.47006299999998,"children":{"GenerateSensorData":{"count":24026304,"self":111.0015232,"total":111.00152899999999,"children":null}}}}}}},"DecideAction":{"count":2502735,"self":30487.6388352,"total":30487.640109,"children":null},"AgentAct":{"count":2502735,"self":287.4107136,"total":287.846097,"children":{"AgentInfo.ToProto":{"count":72048,"self":0.11198899999999999,"total":0.435371,"children":{"GenerateSensorData":{"count":72048,"self":0.323382,"total":0.323382,"children":null}}}}},"AgentInfo.ToProto":{"count":24000,"self":0.040554,"total":0.149164,"children":{"GenerateSensorData":{"count":24000,"self":0.10861,"total":0.10861,"children":null}}}},"gauges":{"SparringAgent.CumulativeReward":{"count":96048,"max":28.1898746,"min":-29.1375256,"runningAverage":-1.07064056,"value":-1.45392883,"weightedAverage":-1.24670434}},"metadata":{"timer_format_version":"0.1.0","start_time_seconds":"1754235320","unity_version":"6000.0.38f1","command_line_arguments":"\/Applications\/Unity\/Hub\/Editor\/6000.0.38f1\/Unity.app\/Contents\/MacOS\/Unity -projectpath \/Applications\/Unity\/NeuroStrike -useHub -hubIPC -cloudEnvironment production","communication_protocol_version":"1.5.0","com.unity.ml-agents_version":"3.0.0","scene_name":"SampleScene","end_time_seconds":"1754273403"}}