{"count":1,"self":3715.0625791999996,"total":29245.889657,"children":{"InitializeActuators":{"count":48,"self":0.0029259999999999998,"total":0.0029259999999999998,"children":null},"InitializeSensors":{"count":48,"self":0.0014919999999999998,"total":0.0014919999999999998,"children":null},"AgentSendState":{"count":2244435,"self":42.5166912,"total":253.528779,"children":{"CollectObservations":{"count":21546624,"self":54.097894399999994,"total":54.097896,"children":null},"WriteActionMask":{"count":21546624,"self":9.2865536,"total":9.2865539999999989,"children":null},"RequestDecision":{"count":21546624,"self":32.0400448,"total":147.627637,"children":{"AgentInfo.ToProto":{"count":21546624,"self":28.6379648,"total":115.58759099999999,"children":{"GenerateSensorData":{"count":21546624,"self":86.94962559999999,"total":86.949625,"children":null}}}}}}},"DecideAction":{"count":2244435,"self":25129.9201024,"total":25129.920395999998,"children":null},"AgentAct":{"count":2244435,"self":146.5408256,"total":147.02052899999998,"children":{"AgentInfo.ToProto":{"count":53856,"self":0.125915,"total":0.47970799999999997,"children":{"GenerateSensorData":{"count":53856,"self":0.35379299999999997,"total":0.35379299999999997,"children":null}}}}},"AgentInfo.ToProto":{"count":53856,"self":0.09358,"total":0.35262899999999997,"children":{"GenerateSensorData":{"count":53856,"self":0.259049,"total":0.259049,"children":null}}}},"gauges":{"SparringAgent.CumulativeReward":{"count":107712,"max":322.266357,"min":-54.24972,"runningAverage":-0.355963677,"value":-0.25083828,"weightedAverage":-0.25079897}},"metadata":{"timer_format_version":"0.1.0","start_time_seconds":"1753591298","unity_version":"6000.0.38f1","command_line_arguments":"\/Applications\/Unity\/Hub\/Editor\/6000.0.38f1\/Unity.app\/Contents\/MacOS\/Unity -projectpath \/Applications\/Unity\/NeuroStrike -useHub -hubIPC -cloudEnvironment production","communication_protocol_version":"1.5.0","com.unity.ml-agents_version":"3.0.0","scene_name":"SampleScene","end_time_seconds":"1753620544"}}