{
    "name": "root",
    "gauges": {
        "SparringAgent.Policy.Entropy.mean": {
            "value": 2.63919997215271,
            "min": 2.3930654525756836,
            "max": 2.798686981201172,
            "count": 2048
        },
        "SparringAgent.Policy.Entropy.sum": {
            "value": 101345.28125,
            "min": 38773.53125,
            "max": 107469.578125,
            "count": 2048
        },
        "SparringAgent.Rewards.CumulativeDistanceReward.mean": {
            "value": -0.18410314728195468,
            "min": -0.23761437622791468,
            "max": 0.1690435173222795,
            "count": 2048
        },
        "SparringAgent.Rewards.CumulativeDistanceReward.sum": {
            "value": -17.67390213906765,
            "min": -35.68958441540599,
            "max": 16.228177662938833,
            "count": 2048
        },
        "SparringAgent.Rewards.CumulativeDistanceToCenterReward.mean": {
            "value": -0.06955393978084128,
            "min": -0.0865721747589608,
            "max": 0.005199815301845471,
            "count": 2048
        },
        "SparringAgent.Rewards.CumulativeDistanceToCenterReward.sum": {
            "value": -6.677178218960762,
            "min": -14.473084032535553,
            "max": 0.4991822689771652,
            "count": 2048
        },
        "SparringAgent.Rewards.CumulativeHitsReward.mean": {
            "value": 2.0520833333333335,
            "min": 0.0,
            "max": 6.354166666666667,
            "count": 2048
        },
        "SparringAgent.Rewards.CumulativeHitsReward.sum": {
            "value": 197.0,
            "min": 0.0,
            "max": 722.0,
            "count": 2048
        },
        "SparringAgent.Rewards.CumulativeHurtReward.mean": {
            "value": -3000.3125,
            "min": -3000.3125,
            "max": 0.0,
            "count": 2048
        },
        "SparringAgent.Rewards.CumulativeHurtReward.sum": {
            "value": -288030.0,
            "min": -575604.0,
            "max": 0.0,
            "count": 2048
        },
        "SparringAgent.Rewards.CumulativeBlockReward.mean": {
            "value": 0.0,
            "min": 0.0,
            "max": 0.3333333333333333,
            "count": 2048
        },
        "SparringAgent.Rewards.CumulativeBlockReward.sum": {
            "value": 0.0,
            "min": 0.0,
            "max": 48.0,
            "count": 2048
        },
        "SparringAgent.Environment.EpisodeLength.mean": {
            "value": 132.33333333333334,
            "min": 109.0,
            "max": 149.0,
            "count": 2048
        },
        "SparringAgent.Environment.EpisodeLength.sum": {
            "value": 38112.0,
            "min": 14304.0,
            "max": 38112.0,
            "count": 2048
        },
        "SparringAgent.Step.mean": {
            "value": 81330102.0,
            "min": 47792076.0,
            "max": 81330102.0,
            "count": 2048
        },
        "SparringAgent.Step.sum": {
            "value": 81330102.0,
            "min": 47792076.0,
            "max": 81330102.0,
            "count": 2048
        },
        "SparringAgent.Policy.ExtrinsicValueEstimate.mean": {
            "value": -0.09342280775308609,
            "min": -0.23173606395721436,
            "max": 0.1796848326921463,
            "count": 2048
        },
        "SparringAgent.Policy.ExtrinsicValueEstimate.sum": {
            "value": -12.425233840942383,
            "min": -32.67478561401367,
            "max": 24.353816986083984,
            "count": 2048
        },
        "SparringAgent.Policy.CuriosityValueEstimate.mean": {
            "value": -0.015763085335493088,
            "min": -0.09094424545764923,
            "max": 0.14930959045886993,
            "count": 2048
        },
        "SparringAgent.Policy.CuriosityValueEstimate.sum": {
            "value": -2.0964903831481934,
            "min": -12.823138236999512,
            "max": 18.663698196411133,
            "count": 2048
        },
        "SparringAgent.Environment.CumulativeReward.mean": {
            "value": 0.021074505676900532,
            "min": -1.8061608992218972,
            "max": 1.4385762563939635,
            "count": 2048
        },
        "SparringAgent.Environment.CumulativeReward.sum": {
            "value": 2.802909255027771,
            "min": -225.77011240273714,
            "max": 202.83925215154886,
            "count": 2048
        },
        "SparringAgent.Policy.ExtrinsicReward.mean": {
            "value": 0.021074505676900532,
            "min": -1.8061608992218972,
            "max": 1.4385762563939635,
            "count": 2048
        },
        "SparringAgent.Policy.ExtrinsicReward.sum": {
            "value": 2.802909255027771,
            "min": -225.77011240273714,
            "max": 202.83925215154886,
            "count": 2048
        },
        "SparringAgent.Policy.CuriosityReward.mean": {
            "value": 0.006842487819030657,
            "min": 0.0,
            "max": 0.6023007208057878,
            "count": 2048
        },
        "SparringAgent.Policy.CuriosityReward.sum": {
            "value": 0.9100508799310774,
            "min": 0.0,
            "max": 84.92440163361607,
            "count": 2048
        },
        "SparringAgent.IsTraining.mean": {
            "value": 1.0,
            "min": 1.0,
            "max": 1.0,
            "count": 2048
        },
        "SparringAgent.IsTraining.sum": {
            "value": 1.0,
            "min": 1.0,
            "max": 1.0,
            "count": 2048
        },
        "SparringAgent.Self-play.ELO.mean": {
            "value": 1139.415887041523,
            "min": 1139.2143235929827,
            "max": 1148.9093248655684,
            "count": 2047
        },
        "SparringAgent.Self-play.ELO.sum": {
            "value": 27345.981288996554,
            "min": 27341.143766231588,
            "max": 55147.64759354728,
            "count": 2047
        },
        "SparringAgent.Losses.PolicyLoss.mean": {
            "value": 0.1441730271629543,
            "min": 0.07506991329852705,
            "max": 0.250400335588832,
            "count": 1863
        },
        "SparringAgent.Losses.PolicyLoss.sum": {
            "value": 0.1441730271629543,
            "min": 0.07506991329852705,
            "max": 0.250400335588832,
            "count": 1863
        },
        "SparringAgent.Losses.ValueLoss.mean": {
            "value": 0.10044000260268149,
            "min": 0.0007547878526446809,
            "max": 0.6641055325186157,
            "count": 1863
        },
        "SparringAgent.Losses.ValueLoss.sum": {
            "value": 0.10044000260268149,
            "min": 0.0007547878526446809,
            "max": 0.6641055325186157,
            "count": 1863
        },
        "SparringAgent.Policy.LearningRate.mean": {
            "value": 5.603542532155202e-05,
            "min": 5.603542532155202e-05,
            "max": 0.00015658339180555202,
            "count": 1863
        },
        "SparringAgent.Policy.LearningRate.sum": {
            "value": 5.603542532155202e-05,
            "min": 5.603542532155202e-05,
            "max": 0.00015658339180555202,
            "count": 1863
        },
        "SparringAgent.Policy.Epsilon.mean": {
            "value": 0.11867844800000003,
            "min": 0.11867844800000003,
            "max": 0.15219444799999998,
            "count": 1863
        },
        "SparringAgent.Policy.Epsilon.sum": {
            "value": 0.11867844800000003,
            "min": 0.11867844800000003,
            "max": 0.15219444799999998,
            "count": 1863
        },
        "SparringAgent.Policy.Beta.mean": {
            "value": 0.0009420545552000001,
            "min": 0.0009420545552000001,
            "max": 0.0026145029552,
            "count": 1863
        },
        "SparringAgent.Policy.Beta.sum": {
            "value": 0.0009420545552000001,
            "min": 0.0009420545552000001,